StedID,Stedtekst,long,lat
53000586,Trekantsøen,12.55531941671669,55.64107637208574
16000009,KILEN ST.14,8.529183221637515,56.48486316710779
16000016,"KILEN, Vandkemi",8.56616791211652,56.49957043538582
23000149,VANDHUL NORDØST FOR STENVAD,10.640386905301089,56.464695189368335
37000021,Hejlsminde Nor - vandkemi,9.58682267895199,55.36651675534572
46000103,BØJDEN NOR (SYD),10.088318148536302,55.101973917049634
50000441,Bastrup Sø UD,12.27953477684054,55.81975097658046
16000091,"KÅS SØ, Vandkemi",8.702288495097019,56.6163522406404
50000139,VIDNÆSDAM  AMT ST,12.500194843727758,55.83594381372853
9000921,16-soe-0009 - vandkemi,8.854734443064567,57.01085832416141
21000319,DAM SØNDERH. GRUSGRAV AMT ST,10.264192605580815,56.28612069213484
16000007,KILEN ST.12,8.581247540977179,56.497645632853434
9000825,Ulvedybet st ved afløb,9.651151377198367,57.071335469413505
9000019,ULVEDYBET - vandkemi,9.653212744758612,57.08633635959416
53000549,"Emdrup Sø, indløb",12.54676393799309,55.722726055529655
50000170,SMØRMOSEN,12.439104515013176,55.75026497540793
9000018,LØNNERUP FJORD - vandkemi,8.818863395388624,56.99883656273419
41000055,Vælddam - vandkemi,9.878172988813024,54.900227286329
9000010,DOVERKIL (8883368) - vandkemi,8.467337768705596,56.71368404466371
41000625,83-soe-002,9.560117741812766,54.9177194706695
67000009,"ØLENE, kemi",15.012086342870916,55.10161710324915
9000155,ØSTERILD FJORD - vandkemi,8.873634617237029,57.00692609253054
25000984,SØ NR. 2540 AMT ST,8.716316930569084,55.97737667078996
9000558,Fiil sø - vandkemi,9.06028823388509,57.07511467408496
9000283,Stenlille Sø (3021) - vandkemi,8.594281294642062,56.93714961088798
53000579,Sydvestkanalen,12.550554788748736,55.584233657108406
47000185,SØ NR. 66 AMT ST,10.53148308953367,54.84955622847832
24000123,VH SYDVEST FOR MARIE MAGDALENE,10.47136307297465,56.38016669845947
61000330,Sø ved Hasselø Plantage st-kon 4,11.876894696211606,54.73537657695537
52000231,AMMETOFT MOSE,12.29441664944497,55.72225290737083
53000577,Nymøllesø,12.169267814184805,55.63937539994495
16000008,KILEN ST.13,8.545912683452435,56.498096494243406
25000976,Sø nord for Hjortsballe - vandkemi,9.253503523186248,55.86870485684344
62000001,"NAKSKOV HAVN,GL.FÆRGEHAVN",11.129032514189465,54.83169306304951
25003771,B5S,8.411350312014163,56.1439225715578
51000123,KONGENS LYNG SØ AMT ST,11.945261241660754,55.91380540412171
37000180,RIBNATUR-191,9.363071486317583,55.242174603993824
10000835,15-soe-021 - vandkemi,9.554027720854478,56.83234120821727
21006561,Vandhul Øst,9.874529896155838,56.04594470971818
20000240,NATUR SØ 19C40,9.145361769266888,56.3108076041121
60000101,HESTOFTE MOSE AMT ST,12.04178386613179,55.05517323595749
9000819,Ulvedybet Syd - vandkemi,9.63632644353422,57.06763850298796
41000045,Kær Vig - vandkemi,9.769950051469976,54.941258088470114
12000004,SØNDERVIG - vandkemi,8.647153710455255,56.710100374116486
10000214,8620360 - vandkemi,9.218563982627906,56.94181207038699
63000012,FLADET AMT ST,11.617270717330896,54.84670425028376
44000060,Nr. 25 (Mose ved Årslev)småsø/001,10.45310539797729,55.29298272570552
14000320,20-soe-0011 - vandkemi,9.857567055124433,56.832799440346534
45000215,SØ NR. 18 AMT ST,10.273507220293048,55.19426327260574
63000004,FLINTINGEMOSE V.TRANSF.ST,11.746561041210374,54.76643239151979
21006448,65-soe-002,9.407292166762426,55.89907538727601
1000470,Glarbjerg Sande Sø (25-soe-0001) - vandkemi,8.487913498244467,57.01078475468271
25000986,SØ NR. 2580 AMT ST,9.007823023084114,55.99244711843148
52000229,"STORMOSEN, kemi",12.3206397291041,55.73841298408219
50000165,STAMPEDAM MIDT,12.547618378368057,55.80599073367565
23000118,DAM 1 KM VEST FOR KVELSTRUP,10.378832843993068,56.187430413548384
29000526,67-soe-101,9.63450016863313,55.717758818309015
42000006,Rudbøl Sø - vandkemi,8.760853911569587,54.89429532517436
41000005,Lillehav - vandkemi,9.87774659300341,54.94513787522504
25003262,62-soe-009,8.205339302321379,55.851134566368195
52000201,CHRISTIANSHØJ GRUSGRAV,12.321931589345745,55.787701774478464
47000315,VESTERSJØ MC ST,10.130096284620244,55.05504134112598
53000570,Vallensbæk Sø-4606,12.339672319243023,55.63773715976451
47000191,"HOVEDSØ, AVERNAKØ",10.23934205874908,55.03335290127126
52000972,Tysmosen-4780,12.273330718187648,55.71108426373572
46000670,"Strandsø på Sommer Odde, Bågø",9.797627581935924,55.32519068752614
25000056,ELVÆRKS SØ,9.129842742268,55.96175817485078
50000116,HØRSHOLM SLOTSØ AMT ST,12.500689047733363,55.87393625672273
12000490,Sø nord for Bjerregård (177-soe-0002) - vandkemi,8.631582319740058,56.79407294807716
38000092,Sø ved Snepsgårde - vandkemi,8.86492676046634,55.29001423264313
62000004,"NAKSKOV INDREFJORD,GLJERNBANE",11.152384541057328,54.8216541306155
9001023,16-soe-0063 - vandkemi,9.202509235968378,57.01210838116667
62000002,"NAKSKOV INDREFJORD,V NYBRO",11.139506574463356,54.82835380112607
16000333,Kilen 2,8.548509623024325,56.49310705815945
43000037,ORESTRAND AMT ST,10.18095384646705,55.5849488886684
23001087,"Eskerod, østl. vandhul",10.369416689679497,56.29080627052539
53000136,SØ I VALBYPARKEN,12.51527147075588,55.64319367917322
27000113,VANDHUL VED SANDGRAVVEJ,10.00230197685996,56.050283410489975
3000132,5917 - vandkemi,10.20502268066044,57.49786788597064
25000864,NATUR SØ 08C196,8.45285127347392,55.86287987817688
12000468,29-soe-009 - vandkemi,8.834619550652677,56.87561243848064
16001265,"NØRSKOV VIG, Vandkemi",8.652373083501873,56.57443758435455
30000489,78-soe-062,8.415763232038262,55.3773303543213
25003781,D1S,8.336957037221946,56.10781252526364
45000239,NATUR SØ 97-3,10.573931046227075,55.37715936270629
52000238,FISKESØEN,12.183173404361462,55.641496483692634
50000141,"KOLLELEV MOSE, ØST",12.462878807131265,55.797043740596486
50000169,KORSHULLET MIDT,12.561942956621284,55.78280035573729
15000179,8664051 - vandkemi,10.274696124464665,56.80841084721825
18000904,Vandhul 2 ved Fussing Sø,9.867906625431266,56.46352283005231
53000583,Kastrup fortets voldgrav,12.64106135565116,55.64914258256083
39000275,E873sø4 /2,8.759627491996827,55.2826006654916
18000900,Glenstrup ved afløb,9.813404325338151,56.59002565879409
50000168,KALVEMOSEN,12.506242101416792,55.82166390008029
13000144,2265 - vandkemi,9.30337626758969,56.83887956619888
1000485,25-soe-0003 - vandkemi,8.479732934336194,57.00465114531824
22001601,D8N,8.274682382461405,56.53594528937577
25003321,62-soe-024,8.213800035120773,55.87748933966599
13000130,8627877 - vandkemi,9.20231355507593,56.87282705082778
15000911,14-soe-0007 - vandkemi,10.279607899491,56.94523149151999
18000901,Fussing Sø  - ved afløb (FUS 3),9.847743385658374,56.47489294458995
38000824,F823sø5 - SYD,8.784258401094169,55.36238811894362
16000393,NATUR SØ 62C61,8.690624542790125,56.614023861962266
47000155,GAMMELLUNG AMT ST,10.784887824363905,54.87608848234796
12000132,5542388 - vandkemi,8.583185029674755,56.713190988465335
52000236,PORSEMOSEN DAM 1,12.29440935125532,55.69267336147121
14000068,8849078 - vandkemi,9.889752447708748,56.81819055536765
7000071,PEBERMOSEN - vandkemi,10.039474265232128,57.132412209247065
13000125,3943566 - vandkemi,9.311292219334192,56.69447117711156
25000853,SØ NR 3220 AMT ST,8.364596104058883,56.14884837872612
54000040,TYSTOFTE AMTST,11.32818809892314,55.25648276262358
16000348,SØ 5120 AMT ST,8.617833766857595,56.40006757829098
50000176,HJORTEDAM,12.544208222731312,55.77288324904552
23000206,SØ 252594 I BEGTRUP_VIG_H47,10.50139245533075,56.17043933337369
6000444,12-soe-004 - vandkemi,9.841130115472913,57.24271757547715
54000288,143-soe-007,11.182208388676091,55.2375548357333
42000195,Store Jyndevad 2 - vandkemi,9.151527625032031,54.90451912116517
3000128,7561 - vandkemi,10.103479044009426,57.540201532027886
50000158,FUGLEVADDAM MIDT,12.494545577015185,55.78386461079505
37000049,Halk Nor - vandkemi,9.631875726885534,55.179729541603386
35000235,RIBNATUR-254,9.094758501480715,55.50626933667144
41000159,RIBNATUR-310,9.578003561650664,54.896436071354
47000030,EGELØKKE LUNG MIDT ST AMT,10.874247595472673,55.04209203523943
52000232,GEDDERYGMOSE,12.363317159323255,55.754882288443575
6000410,12-soe-003 - vandkemi,9.742115491011234,57.2447966575504
53000005,"FÆSTNINGSKANALEN Nord, kemi",12.434195200590969,55.68771532821112
45001259,94-soe-001,10.556796429370532,55.51943530430342
17002014,SØ SYDØST FOR ÅLESTRUP - vandkemi,9.505944235489954,56.68632211069292
25000759,EJSTRUP MARK SØ,9.2502955832527,55.98354979086765
41000036,Farresdam - vandkemi,9.681131671855828,55.03749598578711
62000082,NATUR SØ 179-008,11.033744499794157,54.87392851441282
19000120,NATUR SØ 14C39,9.141988796438344,56.44719472101427
45000146,SØ VED SØHUSVEJ 216,10.323261329970055,55.44312607250513
20000233,NATUR SØ 17D40,8.975428869175587,56.51517639179718
52000234,RÅMOSEN,12.32959162723584,55.72845131536965
40000402,78-soe-002/Rømø - vandkemi,8.488331611744584,55.112356476100686
49000285,119-soe-003,12.09435481729122,56.04412303216882
10000198,Sø ved Aggersund (8618516) - vandkemi,9.293323310555811,56.99526411664024
31001243,G893sø6,8.773763271191426,55.675151613556075
16001159,"SØ VED ENGELSTØR ODDE, Vandkemi",9.067823088548597,56.828880413332605
66000032,SØ VED KOFOEDGÅRD,14.852146366715262,55.162502329551955
53000668,127-soe-021,12.552677236099736,55.600330358714174
25000992,SØ NR. 2620 AMT ST,8.979436871721907,55.8935564289094
42000229,H84-Felsted Vestermark 6/RIBNATUR - 377 - vandkemi,9.461523786418985,54.964432836023946
48000279,117-soe-011,12.348938636480728,55.97042600843603
61000081,VALNÆSGÅRD,11.744606143467315,54.95545771482237
64000171,Hejrede Sø Ukendt station 2,11.913801749728371,55.102178607695976
23000227,NATUR SØ-MCÅRHUS-146,10.483515504922392,56.44404363728225
40000400,78-soe-001/Rømø - vandkemi,8.516458690330847,55.18087516564919
9001093,"MUNKHOLM ODDE STRANDSØ, Vandkemi",8.581018142338168,56.68956052128728
21006141,66-soe-014,9.506609885554772,55.849099254696334
25000874,NATUR SØ 11A62,8.376963210637758,55.914400299459665
9000271,3793662 - vandkemi,9.126867398354747,57.05282205289655
21006171,48-soe-006,9.68259802867054,56.04344475567032
47001143,111-soe-092,10.383111232480658,54.98212213991043
23000153,REVELHØJVEJ 16,10.140936927092548,56.19351149328866
16000358,SØ 8475 VENØ,8.623408172889247,56.560643374683465
66000363,Rolfshøj Sø,14.769808430999516,55.07297981506818
45000159,SØ VED LOVBJERGGÅRD,10.334392993127413,55.31051390016363
19000397,"SØ SYD FOR SKIVE FJORD, Vandkemi",9.06674614259094,56.55461036538696
9000997,16-soe-0050 - vandkemi,9.096551556438284,57.065452804638426
46000105,BØJDEN NOR (NORD),10.088709697198585,55.10484620313281
47000336,"ØSTERSJØ, LYØ",10.1746355303989,55.04167848357015
25000875,NATUR SØ 11B62,8.375987788793624,55.9143684060454
19000406,30-soe-023,9.242058135157311,56.62775692178909
20000231,NATUR SØ 17B40,8.96869997953721,56.516486570980746
24000703,Vandhul nr. 56,10.597180290643209,56.450441317761126
21006159,66-soe-017,9.548807655236772,55.86155165382275
31000407,RIBNATUR-108,9.021482567081703,55.73424835376691
64000068,NATUR SØ 177-003,11.601204774631528,54.72868945721284
23000161,"FUGLSØ MOSE SYD , MIDT",10.568993812812828,56.469266223978714
10000174,15-soe-068 (3753328) - vandkemi,9.467807766381924,56.987142471685985
47000150,SØE VED SKELLET AMT ST,10.593353038665644,55.02641080428461
25003768,B2S,8.373929895849425,56.12322601672353
16001157,"VÆRN SANDE, Vandkemi",8.23979341806803,55.847544868030525
51000548,Mulen,11.129026384300303,55.751560321411176
25000859,NATUR SØ 06B235,9.353268724466515,55.95524642472087
54000100,SMEDEGÅRD MOSE AMT ST,11.1784497449928,55.634104541724874
6000414,15-soe-015 - vandkemi,9.766429641031545,57.10996014722774
50000173,"HJORTEKÆRET, kemi",12.54564629585589,55.79923205631159
6000462,12-soe-014 - vandkemi,9.777781167386951,57.170242252431734
15000160,2942066 - vandkemi,10.137450732298996,56.647978754961294
10000178,21-soe-004 (3757181) - vandkemi,9.508620263298722,56.93292840937256
25000630,PARKSØ SYDØST FOR ØLGOD,8.628591506479541,55.802274105683615
55000063,SOBANKE,11.36144031569134,55.56173227523657
27000966,52-soe-011,10.104972976487804,55.86511152674298
62000034,FREDERIKSDAL STORSTRØMSAMT ST,11.041585636199724,54.90415115051627
25000631,PARKSØ SYD FOR ØLGOD,8.613322639681186,55.79927087943507
46000620,"96-soe-066, Urup Dam",9.888234010487514,55.325733826068905
64000067,NATUR SØ 177-002,11.588437756477896,54.713365387691624
22000284,SØ 5250,8.553550537600069,56.23052932746606
57000983,148-soe_082,11.717388105573804,55.17417103239803
2000841,3-soe-029 - vandkemi,10.376574714994495,57.54296343537862
18000907,sø 36E30,9.582115311394944,56.5454851288979
37000217,NATUR SØ 6 MC-RIBE,9.751951564476936,55.25518079357896
15000008,FUGLSØ MIDT,10.202495640439553,56.66808633308892
45000208,SØ VED KOELBJERG,10.13362148825204,55.39958551953615
47000910,111-soe-024,10.72535775716144,54.73764263576911
15000229,222-soe-0009 (3979362) - vandkemi,9.97713863202017,56.68030975749499
54000266,Natur sø Opt-4,11.265494947932822,55.2239469500066
6000416,15-soe-018 - vandkemi,9.772136339743522,57.1128448274382
44000053,STATIONSMOSEN V. HJULBY SAND,10.73357753706468,55.33884348576498
42000211,RIBNATUR-358,9.395754268185623,54.95512091734769
65000045,SØ VED BIRKEDAL AMT ST,11.723626600685156,54.69582833708825
30000197,RIBNATUR-86,8.25832912331227,55.67192464214178
22000360,NATUR SØ 64C188,8.21827216388226,56.26495770115426
27000964,52-soe-010,10.118969484710536,55.86283747470538
15000230,4050353 - vandkemi,9.932175613373827,56.771692863048
1000592,Lund fjord ved udløb,9.059931874131388,57.09962146291978
61000072,NATUR SØ 173-047,11.611880163363235,54.66693245951562
22000256,SØ 6260 AMT ST,8.343215416302161,56.41579954098668
11000068,SØ NORD FOR ØRUM SØ - vandkemi,8.31678564771272,56.81873721620803
47000251,VH NR. LONGELSE AMT ST,10.775660850357434,54.91862928397766
45000183,SØ NR 57 AMT ST,10.300199334051436,55.43360486577287
40000458,"Ballum Digekanal, Nord - vandkemi",8.687679582384632,55.13401347303728
45000273,MØRKHØJVEJ 4,10.375297226277276,55.26729152560384
31000361,RÅSTOFSØ I TØNDING ØST,8.644545983097423,55.72499328523197
50000174,STOKKERUP DAM,12.567273708996874,55.79380427256788
9001099,"PLETHØJ STRANDSØ, Vandkemi",8.540281371224584,56.68240848913847
35000216,RIBNATUR-221,8.646261170004781,55.45556474685879
10000841,15-soe-029 - vandkemi,9.65162760775877,56.997783645129154
1000493,Ålvand 4 (26-soe-0003) - vandkemi,8.431699628561871,56.94794381202741
1000169,5500886 - vandkemi,8.626733084914088,57.04127156824663
50000164,NYMØLLEDAM MIDT,12.511882486651032,55.8016766656509
50000226,VANDHUL VED SMØRMOSE AMT ST,12.443999629669744,55.75298695501286
48000322,Gurre Slotssø-6178,12.49644881767334,56.02239484839168
10000163,KLOSTERENG LERGRAV SYD - vandkemi,9.860460543020874,57.04232207623044
18000903,Vandhul 1 ved Fussing Sø,9.86725816679384,56.46355431539228
65000218,Natur sø Opt-40,11.500190342479012,54.59666159272037
47001076,60760_Tc04,10.664704289722948,54.80328533435317
25003783,D3S,8.340566802952475,56.12238755112873
30000470,78-soe-007,8.190422397736915,55.53772323793975
29000036,RIBNATUR-246,9.646205699859411,55.71616126574648
50000032,"BAGSVÆRDSØ, KRATHUS",12.440477893321846,55.77399035028754
15000923,14-soe-507 (14-soe-0017) - vandkemi,10.166934979173876,56.70912523015448
53000578,Granatkanalen,12.551550905171505,55.57979879014992
47000339,BIRKEMOSEN (2) ØST MC/001,10.824546197702023,54.98580972898376
12000125,29-soe-010 (5624504) - vandkemi,8.833457709471768,56.874928135217736
16000364,SØ VED HARRE VIG AMT ST,8.906822427852962,56.71193957512583
43000337,92-soe-018,10.12735609270607,55.57594605191505
12000460,28-soe-309 - vandkemi,8.5643513894303,56.731391037603245
53000599,Sønderlandvandskanalen,12.56232326723837,55.576059991552825
44000115,SØ VED REVNINGE AMT ST,10.636854622379794,55.41679308733981
50000159,BREDEDAM MIDT,12.499043057353004,55.793087629089186
40000406,78-soe-011,8.56164290822532,55.193294180031955
15000158,2942042 - vandkemi,10.137450732298996,56.647978754961294
31000411,RIBNATUR-114,8.373361215041983,55.592530274033166
50000171,LANGKÆR,12.512964773104436,55.82147187244058
25000956,NATUR SØ 59C62,8.222455301834945,55.83469264365378
2000143,214-soe-005 (2770765) - vandkemi,10.328414949578384,57.48715110692585
38000823,F803sø3,8.77793634694806,55.33352298036777
36000110,RIBNATUR-259,9.080173990020675,55.434825248463845
36000113,RIBNATUR-262,9.143693482430796,55.44433700261581
9001127,28-soe-318 - vandkemi,8.514801323136252,56.708137064463806
22000272,SØ 5140,8.678606422647638,56.2730911866773
53000410,126-soe-001,12.751208053974148,55.66184523551802
30000118,REGNVANDSSØ VED GJESING,8.451580713601711,55.51001146458486
19000113,NATUR SØ 04C74,9.211661648368253,56.40640537902307
45000144,LILLE STÆRMOSE,10.23234767932036,55.35185527427875
12000494,28-soe-304 - vandkemi,8.557094214951059,56.73420440410651
25000896,NATUR SØ 34C64,9.195872297306924,56.04474587170397
25003760,sø 02E63,9.080717277728054,55.87805033808353
20000245,NATUR SØ 22D227,9.145095927707644,56.30890320129264
62000092,SØ VED HALSTED AMT ST,11.247551539090564,54.854194720854
21001846,NATUR SØ 03C52,9.5146534202752715,56.37998444146015
47001094,5-111-070-OP05,10.723335779864689,54.89730827803546
27000177,VH VED EGEBJERGGÅRD AMT ST,9.842113072708738,55.91371733977855
10000829,15-soe-011 - vandkemi,9.558498581244637,56.99822481474096
2000133,2618727 - vandkemi,10.917295808368207,57.24954715488879
21001845,NATUR SØ 03B52,9.51504938407354,56.37932692686719
51000125,GRANATDAMMEN,11.958928841808888,55.87072325370769
53000104,HAKON SØ,12.383306824445944,55.69226755113391
6000122,248-soe-007 (2558195) - vandkemi,9.698930282260273,57.25961534407179
45001279,94-soe-011,10.471558093347394,55.43696599754555
37000687,96-soe-501,9.62246343160374,55.192439683844206
22001292,"SØ VED NISSUM FJORD, Vandkemi",8.297579184338511,56.32208209105442
11000287,Tyrkær - vandkemi,8.347464256738231,56.847326617574325
16000405,Kilen 3,8.545467492720435,56.484981066643954
16000392,NATUR SØ 62B31,8.690275217239648,56.61290896457345
25000877,NATUR SØ 11D62,8.373861266372089,55.91428573259562
21006583,Gammelgård Sø,9.922543969945576,56.12249095595993
9000844,15-soe-002 - vandkemi,9.622115602545742,57.088641627314665
51000119,LANGEMOSE,11.918410678561052,55.76580386538523
1000130,RALGRAV KOLLERUP - vandkemi,9.261119776432215,57.141962939620456
45000137,SØ VED NIELSTRUPVEJ 72,10.27207509546333,55.36602461474137
15000135,679 - vandkemi,9.73202013240662,56.6464676454395
57000195,SØ VED ØRSLEVVESTER AMT ST,11.688673911051357,55.46720723756928
2000114,1936 - vandkemi,10.280427491759724,57.37954518824469
25000902,NATUR SØ 37A61,8.404184801098353,55.90556769339067
40000485,78-soe-047,8.54544254028659,55.28472303517503
25000909,NATUR SØ 38D61,8.601113487437226,55.92151188123973
41000152,RIBNATUR-303,9.586027758592694,54.935741433430074
2000747,9-soe-0024 - vandkemi,11.00339905703843,57.23038551387952
60000585,Natur sø Opt-48,12.080475037143444,55.1243186220942
25001024,NATUR SØ 41E61 MC ST,8.737963183112562,55.94700124837332
39000054,RIBNATUR-204,8.684780887979926,55.25298305326405
50000161,KOLLELEV MOSE SYDVESTLIG BASSI,12.459360194380285,55.79696306330276
12000454,28-soe-319 - vandkemi,8.641372541040594,56.72541052002564
15000177,4157657 - vandkemi,10.178153958285153,56.94701004406885
11000091,5561363 - vandkemi,8.503646706548565,56.90505623183501
57000199,TEESTRUP VEST AMT ST,11.874983207579138,55.33021721274745
9001097,"ULVKÆR STRANDSØ, Vandkemi",8.620205999999769,56.660127000023486
10000837,15-soe-024 - vandkemi,9.503549434903425,57.01389177566563
27001016,Vandhul i Langballe Krat,10.205325931109408,56.08005177324988
54000076,NATUR SØ 162-024,11.372704444540751,55.21228136769433
42000185,RIBNATUR-169,8.9110483581007,55.00780884774163
40000420,78-soe-018,8.504890538027452,55.1639704866727
30000493,78-soe-065,8.428188213141729,55.37151223096642
25000945,NATUR SØ 48D59,8.221033476671119,56.182250822609646
51000192,SNARTVÆK SØ AMT ST,11.590424798559935,55.89605923462225
22001365,58-soe-014,8.170206154827051,56.40665884862947
42000179,RIBNATUR-160,8.96642762050415,54.89838125842432
14000314,20-soe-0006 - vandkemi,9.861076557652437,56.82290171094771
25000982,SØ NR. 4020 AMT ST,8.486465989839214,55.79883354231878
2000691,2-soe-0003 - vandkemi,10.462795779026685,57.681513183060936
19000399,"LØKKEDYB, Vandkemi",9.263865033386455,56.6252240168836
45000138,SØ VED LILLE RUEHUS,10.271464935018509,55.36470992356651
51000522,135-soe-004,11.24123325510262,55.68876141200322
47000335,VESTERSJØ ST 2,10.12961663358252,55.05468631491391
42000199,RIBNATUR-196,9.356121021083604,54.99909763343949
6000121,2557995 (248-soe-001) - vandkemi,9.70837544461261,57.28185922565698
57000304,NATUR SØ 163-011,11.826122388935673,55.31460991777215
31000313,GRAVET SØ SYD FOR BÆKKE MARK,9.118842338240556,55.585851940764286
31000387,LILLE SØ NV. F OKSVANGGÅRD AMT,8.510829675726418,55.521773179025985
35000666,G861sø2,8.851967336448425,55.623595372619015
31000438,RIBNATUR-283,8.432000138417107,55.6150554752509
25000957,NATUR SØ 59D62,8.222427137917881,55.83450377032241
48000271,117-soe-003,12.381328414978602,56.03784402181864
33000020,BREDSTRUP SØ AMT ST,9.662311524452702,55.58982678124701
61000335,Natur sø Opt-45,12.010016272073091,54.81570404580896
23001096,Vandhul ved Ulstrup Mosegård,10.651895776759472,56.26036596090563
42000198,RIBNATUR-195,9.36341927023314,55.00059476922189
24000675,43-soe-002,10.509420070804056,56.450928654349056
2000709,9-soe-0005 - vandkemi,10.991349819738398,57.23030757895136
60000569,Natur sø Opt-6,12.123535354097031,54.95717667166373
25003761,02F63,9.080884025279255,55.881374724713005
45000147,SØ VED SØHUSVEJ 204,10.326018581830851,55.442377294317446
43000060,NATUR SØ 96-18,9.811659340117524,55.447184360966475
45000271,HESBJERGVEJ 50,10.210652888739952,55.37588656630266
1000174,8894600 - vandkemi,8.463412178995743,57.02787679639668
9001051,16-soe-0078 - vandkemi,9.094673777609398,57.059812660241775
36000068,Å-SLYNGE 2 VED KONGEÅEN,8.653734527509334,55.37858627041107
47000203,NATUR SØ 102-3,10.805490927816344,55.18395224664801
8000128,14-soe-0010 - vandkemi,10.396052880984325,57.1180969733892
53000416,126-soe-004,12.764083027504723,55.66951681003529
9000925,16-soe-0011 - vandkemi,9.091677736459271,57.061746320265506
35000602,75-soe-005,9.089801231090805,55.49859031415514
2000862,14-soe-0001 - vandkemi,10.54187649333556,57.23138222396963
48000298,114-soe-004,12.555957095304194,56.06680866636287
30000191,RIBNATUR-80,8.275277570342407,55.710673191726464
2000805,3-soe-011 - vandkemi,10.400952445797577,57.55953997921632
2000949,9-soe-0045 - vandkemi,11.188988276603782,57.32016512734396
14000348,18-soe-003 - vandkemi,10.180833539906043,56.936086762732074
7000079,3870260 - vandkemi,10.357874648402332,57.02298490233902
22001602,D9N,8.230453247422716,56.5215826535992
61000353,Sø ved Marielyst Golf,11.945766581618576,54.68778771272809
31001070,74-soe-003,9.04982974146552,55.72254120855955
42000994,89-soe-005,8.856513983344433,55.02884785427535
15000927,14-soe-0020 - vandkemi,10.143809198728349,56.7087646375264
9000850,15-soe-006 - vandkemi,9.737068449848088,57.06562210516848
29000043,NATUR SØ-MCÅRHUS-102,9.759561637585884,55.68194214001888
60000595,Natur sø Opt-53,11.640933056591685,55.07875591900125
55000406,138-soe-024,11.17365215622982,55.557199525610216
19000408,30-soe-024,9.245122220490869,56.627732957217745
26000245,VH Ø FOR VIRRING AMT ST,10.040485940157115,56.032517648612234
9000987,16-soe-0043 - vandkemi,8.902812370358003,57.024883149740056
57000918,Sø i Stenstrup mose st kon-2,11.782735575886164,55.19408307931223
20000277,SØ NR 8560,8.911148551670932,56.442410575351865
49000258,117-soe-023,12.255328525354782,55.95724789235596
37000754,96-soe-526,9.77516801578619,55.27347549835372
14000059,4118443 - vandkemi,9.923497289535412,56.897940441260495
63000196,Natur sø Opt-19,11.85656548267874,54.68693987783224
60000571,Natur sø Opt-7,12.134603127567908,54.96106346278621
39000018,Klæggrav ved Rørskifte - vandkemi,8.637606215876062,55.40440995423369
46000082,VANDHUL VED EJBY MOSE,9.964974833713384,55.43848713688556
42000218,RIBNATUR-365,9.404615016027355,54.944918958299255
60000581,Natur sø Opt-36,12.24644543221206,55.03973181727107
47000239,NATUR SØ 111-35,10.328983845113807,54.878625212891066
16000394,NATUR SØ 62D31,8.691856856424435,56.616758084989094
54000074,NATUR SØ 162-022,11.33706296262226,55.20417868666636
57000927,Natur sø Opt-14,11.850789788641343,55.300533555804456
5000300,14-soe-0022 - vandkemi,10.494613343077347,57.2056290674155
24000691,"Kolstrupvej, Lauritz Hovgård",10.568285570857723,56.43160756133785
2000761,9-soe-0031 - vandkemi,11.017191572150097,57.24387654121093
21006454,65-soe-005,9.44800688114553,55.86558985681481
38000822,E888sø2,8.551514418037407,55.29219495272896
16000015,KÅS SØ V. BRED,8.696625088416319,56.611415277958066
51000116,LØGTVED PLANTAGE,11.28731586454052,55.67685596262348
62000263,Sø ved Ravnholt Haver st kon-3,11.258082554649937,54.95029768224733
1000466,16-soe-0090 - vandkemi,8.990398266481867,57.14592642190995
57000209,VH SYD FOR SØRBYMAGLE AMT ST,11.431473784196813,55.35479233571707
63000202,Natur sø Opt-22,11.81390534800246,54.658467809152995
2000866,14-soe-502 (14-soe-0006) - vandkemi,10.545964625403206,57.236039857339485
63000024,SØ V. KETTINGE MØLLE AMT ST,11.731864003447042,54.696685690755544
60000643,147-Soe-078,12.09578895541469,55.16849737763793
16000385,NATUR SØ 21C32,8.802814352897009,56.571290235071174
35000183,ÅSLYNGE VED LILLE DARUM,8.636831819008181,55.44923807717064
42000173,RIBNATUR-152,8.79052463888444,54.909393645257026
25003319,"FUGLEPOLDE STRANDSØ, Vandkemi",8.240650508549773,55.89463409582487
53000585,Gorki Sø,12.512520711405177,55.73913159611465
9000179,Bygholm Vejle vestsø - vandkemi,9.079569102713736,57.02817454378117
60000579,Natur sø Opt-35,12.242355478650722,55.03968808183826
21006780,"Vandhul nr. 54, Enggård SØ, Ørsted Mark",10.344808053020916,56.518224640345615
32000910,70-soe-003,9.424218304487615,55.73974480856751
15000915,14-soe-825 (14-soe-0009) - vandkemi,10.200953863444225,56.70784063955105
40000440,78-soe-028,8.511888077024274,55.16681140824934
54000306,143-soe-016,11.17460587124332,55.20287870122818
40000051,NATUR SØ 32 MC-RIBE,8.671744501247804,55.09373991970288
47000259,VH GLORUP AMT ST,10.681716413060236,55.20775952412671
15000170,3999789 - vandkemi,10.14464677651741,56.7223596496614
2000821,3-soe-019 - vandkemi,10.34087737678868,57.550875969619376
56000049,ELLEMOSE AMT ST,11.35653416466265,55.51819727431358
67000576,"Dam nær Søbæk, Langedeby",15.111175157782744,55.05199934977661
64000164,Natur sø Opt-31,11.543541143978862,54.76728392426911
21006214,14-soe-007,10.339888448764722,56.596636793137094
42000188,RIBNATUR-174,9.0204600126761445,54.90153845982077
55000136,SANKT SØRENS KILDE AMT ST,11.395387681758152,55.61992915671861
25000955,NATUR SØ 59B62,8.221920584744753,55.835084624948074
30000112,RÅSTOFGRAV VED MÅDE,8.513177837632657,55.45599739637824
43000031,SØ NR 68 AMT ST,10.14358346967837,55.57106001144657
25003339,62-soe-020,8.237898297165787,55.879402017612094
57000935,Natur sø Opt-47,11.74766753986586,55.2749138255628
48000313,117-soe-038,12.371786628502363,56.073322092176305
9001003,16-soe-0053 - vandkemi,9.070624618147104,57.07205492491981
47000212,NATUR SØ 111-5,10.724649108646036,54.737050511450526
20000760,40-soe-004,8.985420484993202,56.52193407439663
25003136,64-op002,9.191315707071146,56.0095231343601
48000306,Nysø,12.554361992552254,56.04390865957549
47000255,VH ELLERUP VÆNGE AMT ST,10.61846552745228,55.17771659892427
2000715,9-soe-0008 - vandkemi,11.189636355709483,57.30592937150091
47000261,VH MAGLEBY AMT ST,10.719782412593313,54.775427075124725
52000230,HØJENG MOSE DYBESTE STED,12.292197269103344,55.758311483981686
37000813,Hejls Nor  : S2:1999-,9.576922123871649,55.370284095529584
15000221,SØ 254787 I RANDERS_FJORD_H14,10.348741818449264,56.64259832967518
47000934,111-soe-036,10.531517290475458,54.84963668660613
52000970,Æblesøen,12.307584444306508,55.74194823243638
32000916,70-soe-006,9.44023280669165,55.737594873673274
35000182,DIGEGRAV VEST FOR STORE DARUM,8.624842917289689,55.42643179550972
42000255,Vandhul ved Øster Gammelby - vandkemi,8.785768309070338,54.98261653094347
45000234,NATUR SØ 94-4,10.490251572896272,55.54538092206319
60000567,Natur sø Opt-5,12.129304956331458,54.894737952399304
43000055,NATUR SØ 95-3,9.833673200251454,55.551669620677515
37000023,HJELSMINDENOR ST 3,9.599040944604996,55.36487595237074
1000653,13-soe-0003 - vandkemi,9.242350426806668,57.139817652373985
18000837,30-soe-323,9.872857743310536,56.501061909563774
7000069,2698 - vandkemi,10.097111623322924,57.16739893340005
53000115,DYBENDALEN,12.286608713416662,55.66308707943349
36000069,Å-SLYNGE 3 VED KONGEÅEN,8.649075676536649,55.3825178062647
42001000,89-soe-008,8.857432888383013,55.02999919159052
9000860,15-soe-017 - vandkemi,9.49755689554636,57.04238471525766
31000427,RIBNATUR-274,8.520694018754824,55.63533722219212
2000763,9-soe-0032 - vandkemi,10.991300654889251,57.22878084003093
21001545,VANDHUL VED TVÆRVEJ,9.86478153079236,56.323759668567085
42000147,RIBNATUR-63,8.738811227401941,55.02368270818226
40000034,RIBNATUR-61,8.727604398665246,55.11235346961999
67000477,Klokkepilt,15.01105891864909,55.08676722264365
52000822,Ø6-120-OP16,11.99854136496751,55.91374137341404
21001787,VH NØ GUNILSLUND AMT ST,9.553113290787708,56.13715039057492
38000152,Vandhul ved Ålkær - vandkemi,9.132310420989402,55.25471116209064
9000919,16-soe-0007 - vandkemi,9.0195359049533,57.0240209916237
42000968,78-soe-080,8.765399605572414,54.895517377936955
43000049,NATUR SØ 92-2,10.224108104596215,55.584435751674505
32000161,RIBNATUR-201,9.377072157313462,55.72305088272501
25000960,NATUR SØ 60C62,8.159496698216103,55.94135847160735
24000018,ROSENSØ AMT ST,10.441479568685908,56.391228422747275
27000153,SØ 253506 I HORSENS_FJORD_H52,10.21149386477249,55.891848483084566
55000089,NATUR SØ 156-005,11.555095162154172,55.577630559861255
9000876,15-soe-034 - vandkemi,9.66971545409607,57.080984875351305
2000695,2-soe-0009 - vandkemi,10.460303595063287,57.67417528188327
20000248,NATUR SØ 25C226,9.112869392246497,56.38650843175417
27000158,SØ 262769 I HORSENS_FJORD_H52,10.107001878964494,55.86172363346022
21001723,VANDHUL SYD FOR ØDUM AMT ST,10.14323650213209,56.30976850170241
6000412,15-soe-008 - vandkemi,9.770898184013284,57.11206188306811
12000498,28-soe-311 - vandkemi,8.589033629055324,56.70867349188535
25000907,NATUR SØ 38B61,8.59803764924858,55.92185230403883
31000312,Sø ved Kirkedam på Bække Mark - vandkemi,9.159641076586317,55.60019148718879
54000027,MØGELMOSE,10.530977075932746,55.849990439972025
51000532,135-soe-009,11.288160983172968,55.683428427756304
44000523,91-soe-014 Strandsø,10.629488620332271,55.57234837215521
44000511,91-soe-004 Strandsø,10.632548382648542,55.57269409136835
32000906,70-soe-001,9.423733127687502,55.74347542944923
9000985,16-soe-0042 - vandkemi,9.092738375153871,57.05728078633897
30000468,78-soe-006,8.24085687924753,55.54527074147459
53000430,126-soe-011,12.759889804514769,55.66760420014872
57000107,BASSØ AMT ST,11.716000106052924,55.16692932705406
9000229,15-soe-058 (9053329) - vandkemi,9.759533310980386,57.0763133201991
61000017,HORREBY LYNG,12.011320742372094,54.81754176358936
30000196,RIBNATUR-85,8.25990338589916,55.66854653362879
40000041,RIBNATUR-208,8.70323154540428,55.15618545924363
49000312,"Lille Lyngby, hele søen",12.152159897390646,55.95276716081065
55000340,Natur sø Opt-11,11.570600271756303,55.56918033726604
23000207,SØ 257048 I BEGTRUP_VIG_H47,10.500986179311662,56.17158547246063
45000347,FJORDMARKEN V. SKALLESØ MC/002,10.470063860671514,55.53023958619629
2000807,3-soe-012 - vandkemi,10.397658923312187,57.55865113837296
21006450,65-soe-003,9.409076583708863,55.8938760380534
30000507,78-soe-075,8.437817116693935,55.34787866754741
25003274,62-soe-014,8.216584537284431,55.836039168903866
49000234,117-soe-006,12.312303705936872,56.03054788587089
25003120,62-op003,8.353123379949322,55.96827872421639
37000202,RIBNATUR-332,9.686134879602712,55.22566209795728
39000254,82-soe-004,8.945684400590919,55.179044906680765
18000309,NATUR SØ 57B30,9.63318443790288,56.569834635385845
57000303,NATUR SØ 163-010,11.621125557329728,55.34150346141167
25000961,NATUR SØ 60D62,8.154379751560882,55.9645776203888
9000886,15-soe-043 - vandkemi,9.47697979053936,57.04421655023451
23001090,Sø ved Krakær,10.605012180837043,56.2511522616017
2000769,9-soe-035 (9-soe-0035) - vandkemi,11.1728680352837,57.302563073735215
35000217,RIBNATUR-222,8.675154549284093,55.491623863281966
9000880,15-soe-036 - vandkemi,9.626629130994887,57.063716612498126
25003240,61-soe-003,8.39606928863306,55.91006572480962
48000258,Langkilde Mose,12.423406870038256,55.975310184653075
40000450,78-soe-033,8.52504378813632,55.17863537753624
60000162,NATUR SØ 169-006,11.726991248286025,55.12458490811046
42000170,RIBNATUR-149,8.75001725976782,54.91197710552916
57000296,NATUR SØ 163-003,11.578520999778624,55.3572334094312
2000843,3-soe-030 - vandkemi,10.33292386859207,57.54129367894486
45000194,VANDHUL VED FUGLEVIG,10.11443540919998,55.38162721157528
25003272,62-soe-013,8.210501867852575,55.85964109418707
38000801,78-soe-045,8.544881152087255,55.28837828529813
2000166,8396735 - vandkemi,10.337601818791653,57.562724308232355
25000962,NATUR SØ 61A62,8.397809098327938,55.90928354023427
30000199,RIBNATUR-88,8.252506840512925,55.67124235711866
9000979,16-soe-0039 - vandkemi,8.858259209479654,56.99328166100468
2000164,8396697 - vandkemi,10.31425983003432,57.5583876795727
30000211,NATUR SØ 23 MC-RIBE,8.55253999233747,55.46259944927587
14000322,20-soe-0013 - vandkemi,9.813796275222128,56.80802674333628
49000275,117-soe-029,12.269754121385477,56.03434520795019
64000156,Natur sø Opt-27,11.551383405047062,54.7157425664991
2000157,2820058 - vandkemi,10.460583231574065,57.67570827834722
9000991,16-soe-0046 - vandkemi,8.895009705624279,56.97624021588734
63000206,Natur sø Opt-24,11.757092268104332,54.82933158408287
44000521,91-soe-013 Strandsø,10.635503197775485,55.568224159244075
36000067,Å-SLYNGE 1 VED KONGEÅEN,8.658190499210194,55.37977596250146
9000274,16-soe-0107 (9042305) - vandkemi,9.212211247578065,57.009747620619805
16000384,NATUR SØ 21B32,8.810363121575708,56.57184102259155
23001085,Esby Gadekær. Nr. 138.,10.536640188648915,56.123387028486945
30000454,73-soe-007,8.269062024755907,55.68384113427925
9001033,16-soe-0068 - vandkemi,8.864620353188911,56.99557051321402
9001027,16-soe-0065 - vandkemi,8.909448062648408,57.00567247909744
31000430,RIBNATUR-277,8.454573014482405,55.61761998981574
23000203,SØ 247237 I BEGTRUP_VIG_H47,10.508472467975317,56.171080987270685
36000112,RIBNATUR-261,9.130174132181695,55.44323789311425
64000162,Natur sø Opt-30,11.545373301267416,54.76823434277737
37000203,RIBNATUR-333,9.694185498072702,55.22573338729128
40000448,78-soe-032,8.542557342016757,55.18642151555044
50000208,GREGERSMINDE SØ AMT ST,12.3599349538011,55.82726206362352
21006568,"Vandhul nr. 11, Mosegård SØ",10.257052351965742,56.51669058177257
11000106,3359 - vandkemi,8.396665841905527,56.87478621054854
23001079,"Vandhul nr. 41, Østby V",10.485988125934734,56.494080900301995
12000433,16-soe-0049 - vandkemi,8.878495118739993,56.95028976236484
6000442,12-soe-007 - vandkemi,9.802543087900174,57.23913398552711
9000281,717 - vandkemi,8.878776428527331,57.07627432375707
45000128,SØ 1 VED HESBJERG SKOVVEJ 25,10.229222265206545,55.35686533936161
1000538,25-soe-0011 - vandkemi,8.456722616123825,56.991805598214775
25003124,62-op005,8.360141048755212,55.96340044416825
31000440,RIBNATUR-285,8.484607497858688,55.568454444129685
27000129,SØ VED SERRIDSLEV AMT ST,9.901199504641164,55.89656820162274
57000919,Sø ved Skytteskov  st kon-1,11.81966690787056,55.228987158791746
21006175,66-soe-002,9.54569146648322,55.855805929593465
35000234,RIBNATUR-242,9.081182097256502,55.51016988286297
45000149,VIEMOSE,10.287572873506642,55.45307749771804
44000102,NATUR SØ 93-8,10.724795164353154,55.50053150216137
8000032,2538302 - vandkemi,10.392041545733813,57.11727008141662
25003134,64-op001,9.190080181434714,56.00939925522362
15000231,8852145 - vandkemi,9.9221939626472,56.77233306987309
39000031,KLÆGGRAV PÅ GAMMEL MANDØ,8.55530750102808,55.29237955753115
44000098,NATUR SØ 93-3,10.735941588078596,55.48613830946155
54000405,52-soe-013,10.31445457730966,55.77104402337433
18000753,30-soe-006,9.454300221821716,56.57294369118442
2000186,9-soe-062 (9019143) - vandkemi,10.89658911680636,57.2723962144704
15000131,988 - vandkemi,9.88945932550681,56.72764039749343
64000160,Natur sø Opt-29,11.52946106254294,54.762652146419995
25000953,NATUR SØ 58D62,8.215770067226726,55.84873945822475
29000047,NATUR SØ-MCÅRHUS-108,9.702196574338016,55.70772197075232
29000033,RIBNATUR-243,9.674642557462455,55.72122001530992
30000446,73-soe-003,8.254720291699353,55.69782648520478
54000026,VH NV F.VEJ PILMARK-TRANEBJERG,10.57366159795405,55.830256899623855
21001906,VH VED VISTOFTEHØJ AMT ST,9.802690984933191,55.99417471828773
25000944,NATUR SØ 48C59,8.222156208897092,56.18409082881579
18000771,30-soe-310,9.883483420038036,56.51228944789355
37000752,96-soe-525,9.777432953326011,55.26855457361732
50000386,Ø6-123-OP50,12.284583091510664,55.820910797370864
23000154,VOSNÆS MØLLEMARK,10.34444010829316,56.28028841681733
54000409,52-soe-015,10.317647957851625,55.78206278914838
35000237,RIBNATUR-264,9.11398123700295,55.501436632391446
1000061,SKOMAGERHUL - vandkemi,8.328170184563678,56.900238421716466
39000032,"KLÆGGRAV VED ANDELSBANKE,MANDØ",8.570411308253034,55.2892884878187
61000063,NATUR SØ 173-002,11.406647740153185,54.874642587204335
42000184,RIBNATUR-168,8.912244714701698,55.01128745737771
53000121,EJBY MOSE,12.41704770392536,55.70460325831183
65000256,152-soe-055,11.65821698833347,54.653059169513206
45000127,SØ VED HESBJERG SKOVVEJ 16,10.22634134770318,55.3560315632609
35000215,RIBNATUR-220,8.649733197956827,55.452753187755945
15000902,222-soe-0001 - vandkemi,9.996243192908016,56.69108354989536
60000115,SØ VED BÆKKELUND STRÆDE,12.033988201919849,55.17557235109505
65000214,Natur sø Opt-26,11.548002213022166,54.714815852427265
10000831,15-soe-013 - vandkemi,9.55198739610905,56.99983481985206
25001023,NATUR SØ 34E64 MC ST,9.20313015083687,56.032927968559584
66000357,Østerborg Grusgrav,14.760498811891502,55.07892225898279
42000197,RIBNATUR-194,9.355473789540502,55.0089936344955
15000228,3979178 - vandkemi,9.918575039353176,56.66564361501231
37000703,96-soe-509,9.6678137127878,55.288182256192385
31000414,RIBNATUR-117,8.354656092742808,55.61362162434975
63000036,NATUR SØ 173-012,11.571339326935036,54.83976622196531
44000497,91-soe-003 Strandsø,10.636814891395996,55.56506123232034
25003122,62-op004,8.354011502761507,55.96786107694584
9001053,16-soe-0079 - vandkemi,9.023378087681866,57.08315813056658
47000876,111-soe-007,10.47009462963255,54.84477864371504
11000328,184-soe-0002 - vandkemi,8.292772486320585,56.848115929550474
54000308,143-soe-017,11.199257964640315,55.20304777880847
54000091,SØ 247865 I STAVNS_FJORD_H51,10.625455544191343,55.887249663001086
42000253,Vandhul ved Tyvse - vandkemi,8.885782206995053,55.01289203777529
38000141,RIBNATUR-51,8.68690037418387,55.32754566346979
54000097,SØ 254213 I STAVNS_FJORD_H51,10.62763895774342,55.881730088064174
53000176,REGNVANDSBASSIN V HVEEN BOULEV,12.282108343575832,55.63537204461232
53000120,VANGEDE NYMOSE,12.51634082526623,55.746512145392224
38000081,ØRNSØ - RIBE,8.784258401094169,55.36238811894362
42000998,89-soe-007,8.857196146809175,55.03058302916682
2000915,4-soe-004 - vandkemi,10.512022395526271,57.47915430418915
2000803,3-soe-010 - vandkemi,10.38571980899331,57.52903728166988
30000456,73-soe-008,8.291805651466978,55.67240987169957
60000577,Natur sø Opt-34,12.24187108994018,55.04725368867375
34000092,RIBNATUR-186,9.423985933410195,55.44304894689809
15000217,SØ 254826KASTBJERG_ÅDAL_H223,10.005450228739958,56.594183058789255
42000007,Rudbøl Sø,8.777748573324056,54.89270082585084
21001857,RIBNATUR-103,9.430167351779472,55.880829535437336
31001245,Kvie Sø,8.764926214412938,55.71958586886116
52000868,Ø6-120-OP32,12.016850170760838,55.722359403783734
42000966,78-soe-079,8.757911013653338,54.89883671846924
21006157,66-soe-010,9.56251888819354,55.862855522257014
42000927,87-soe-003,9.244341207048604,54.82780171049702
9000945,16-soe-0021 - vandkemi,9.099669062805727,57.059602168068146
12000486,28-soe-324 - vandkemi,8.63956808520434,56.688544031484334
34000088,Svanemose 1 - vandkemi,9.42601553845871,55.44216128501246
16001286,32-soe-011,8.747593280019055,56.53959310314568
21001859,RIBNATUR-106,9.374169523964484,55.89218102963834
37000699,96-soe-507,9.68770932837179,55.2175925076164
62000077,NATUR SØ 179-003,11.003819536469743,54.79886857673935
37000178,RIBNATUR-128,9.556930331961253,55.36127394945554
45001251,98-soe-001,10.289972083309296,55.30891515139279
32000159,RIBNATUR-293,9.263388690070547,55.64550632072649
63000037,NATUR SØ 173-014,11.65125830139066,54.884838659235534
31000426,RIBNATUR-273,8.515779477100704,55.63454516491804
40000044,RIBNATUR-211,8.740481818533398,55.166892144124155
31000429,RIBNATUR-276,8.454735318244687,55.61507777072126
9001043,16-soe-0073 - vandkemi,9.069764007460536,57.02651845084685
53000422,126-soe-007,12.737597773800465,55.63523878636185
19000127,NATUR SØ 16B39,9.191613854033426,56.52506643978181
32000162,RIBNATUR-291,9.276109161241298,55.64232444772163
38000142,RIBNATUR-59,8.8323672753607525,55.31889077849951
27000155,SØ 260932 I HORSENS_FJORD_H52,10.189066001975908,55.88684635711122
11000320,27-soe-003 - vandkemi,8.397580135416337,56.87404496120575
37000193,RIBNATUR-321,9.420343895720864,55.21906710103045
23000223,SØ 247771 I MOLS_BJERGE_H186,10.54672818619968,56.24438232974733
39000043,Hønning mose 2,8.910094440785906,55.182447589075274
42000167,RIBNATUR-146,8.755002705583044,54.94122951863536
66000361,Sø ved Zahrtmannsvej,14.709380811920669,55.09650520761524
46000519,96-soe-030 Strandsø? på Bågø,9.7953624275335809,55.317540182812586
45001263,94-soe-003,10.494534001889075,55.548797631492576
23000205,SØ 252006 I BEGTRUP_VIG_H47,10.50803393862345,56.16811201277648
60000151,NATUR SØ 168-010,12.181433050215992,54.97587747566909
25003270,62-soe-012,8.21887091921836,55.859775362454265
11000098,8884857 - vandkemi,8.359626520730469,56.81963813990391
21006106,30-soe-014,9.632592011399138,56.4591946829829
64000173,Maribo Søndersø Ukendt station 3,11.917733923506006,55.10019645982106
9000846,15-soe-003 - vandkemi,9.719134071539358,57.06432485798601
41000149,RIBNATUR-300,9.577656627800453,54.95606438230057
63000210,Natur sø Opt-54,11.774234564313154,54.83200645802205
15000169,3999757 - vandkemi,10.16533063885476,56.714297429810586
15000960,223-soe-003,10.030585932156695,56.599224386841755
59000182,132-soe-001,12.278559898117654,55.37518794039887
37000191,RIBNATUR-319,9.690994858673998,55.212173160666886
9000240,8882316 - vandkemi,8.491358860391914,56.68535881581384
3000138,2810057 - vandkemi,10.173665234722744,57.590774414022995
41000103,Råstofsø nord for Broager (G56) - vandkemi,9.650687691482956,54.90743684329741
47000215,NATUR SØ 111-11,10.681526456162493,54.799610966465075
30000195,RIBNATUR-84,8.290807977045697,55.6713078595784
18000302,NATUR SØ 54C30,9.497801489997704,56.56770107710332
57000309,NATUR SØ 169-015,11.705981529988929,55.06421999315179
31000419,RIBNATUR-265,8.603503780289415,55.68544848574623
21006222,14-soe-014,10.303749353013933,56.59387607221694
60000175,NATUR SØ 169-027,11.72727369433814,55.167360732028115
1000159,2809045 - vandkemi,10.325727239131206,57.62877156402754
44000503,91-soe-016 Strandsø på Fynshoved,10.594935350090754,55.61168876185717
41000726,Lillehav - østlige del,9.883126862483763,54.9462941666979
62000072,NATUR SØ 173-007,11.554260083153489,54.82632777739173
25000858,NATUR SØ 06A235,9.351958338861811,55.95556465120646
39000041,RIBNATUR-69,8.90811497867857,55.1554696178321
25003788,Søbylejet Sø 6 Damgårds Leje,9.067801230773918,56.0239388945724
25000905,NATUR SØ 37D61,8.435682922565249,55.91524039421849
31000435,RIBNATUR-286,8.505434668677909,55.586924950832376
21006220,14-soe-013,10.231147128350267,56.556340098197346
13000136,8624505 (Livø) - vandkemi,9.092603095019706,56.89681713683312
23000226,SØ 261671 I RANDERS_FJORD_H14,10.344625467839045,56.57913669362168
47000118,KLOKKEFRØSØ,10.804485094193478,55.17872730729063
2000853,3-soe-035 - vandkemi,10.373788740184985,57.50977160101905
7000319,14-soe-824 (14-soe-0005) - vandkemi,10.366076015327367,57.03639038709886
38000146,NATUR SØ 13 MC-RIBE,8.554251313063421,55.29107272529258
6000448,12-soe-011 - vandkemi,9.85271513388038,57.24497521647559
21006218,14-soe-012,10.23546302478346,56.45305937412961
57000298,NATUR SØ 163-005,11.621125557329728,55.34150346141167
2000765,9-soe-0033 - vandkemi,11.00059845384511,57.20712193254492
25001025,NATUR SØ 06E235 MC ST,9.350940191284955,55.95632230047668
23001086,"Eskerod, vestl. vandhul",10.368488069002472,56.29059189932409
54000092,SØ 251505 I STAVNS_FJORD_H51,10.678804931775865,55.88519466330688
38000089,VOLDGRAV OM RIBERHUS SLOTSBANK,8.756419946457184,55.3307682290394
37000181,RIBNATUR-192,9.359431937989514,55.23448426299932
21006135,66-soe-011,9.53852941450934,55.84848749385437
42000980,88-soe-004,8.941316555040437,55.00957057237448
1000595,13-soe-0015 - vandkemi,9.332814220483217,57.14134407617634
31000437,RIBNATUR-278,8.442895747435143,55.61700141743449
52000971,Vesterled Sø,12.403752826900112,55.754918686216925
25003774,C1S,8.338431194304508,56.10998581754357
60000589,Natur sø Opt-50,11.708204443355406,55.06234561526957
58000064,VANDHUL NORD FOR BJÆRVERSKOV,12.022899408168785,55.46315283824205
21006149,66-soe-007,9.565947898386126,55.864627879823615
42000172,RIBNATUR-151,8.728913373190286,54.897894802067576
9000856,15-soe-012 - vandkemi,9.686864368530737,57.09211262252935
37000807,96-soe-532,9.564930041860327,55.36139899173608
21001546,VANDHUL VED DØRUPVEJ,10.00321583802191,56.0867206146789
9000247,16-soe-0105 (8892557) - vandkemi,8.934084515761878,57.02071722245376
51000518,135-soe-002,11.257761922803285,55.711620359474
45000196,VANDHUL VED ERHOLM,10.056765958216252,55.406663065838664
40000414,78-soe-015,8.550417053875924,55.18441984965906
63000208,Natur sø Opt-42,11.758443574534516,54.838866411230775
27000962,52-soe-009,10.11942171493329,55.86022748567699
28000033,VH VED TOFTEGÅRD AMT ST,9.659463249663938,55.88687734844383
63000198,Natur sø Opt-20,11.82032528131542,54.659136548558315
2000150,214-soe-002 (2767837) - vandkemi,10.33090528601528,57.48315401155758
31000329,SØ VED SKOVSENDE,8.876216479344249,55.64359698177636
16000390,NATUR SØ 40D221,8.992289698955915,56.79155309313874
37000208,RIBNATUR-127,9.56841139480836,55.36655881198543
57000925,Natur sø Opt-13,11.750892019728957,55.27964164347343
43000357,92-soe-029,9.293758905498038,55.62303646674072
50000218,HØJGÅRD SØ,12.347864344191402,55.82824782447619
52000830,Ø6-120-OP20,11.996041914965105,55.87325886862777
40000035,RIBNATUR-66,8.905633474812797,55.12304544485789
40000426,78-soe-021,8.55728122936733,55.1885696422273
54000413,52-soe-017,10.321096785383268,55.74967558402702
14000312,20-soe-0004 - vandkemi,9.87770240959961,56.88854968413638
44000559,"91-soe-018, Nordskov",10.62239495754542,55.59495454986093
18000871,30-soe-608 - vandkemi,9.717460301699193,56.58217971372659
54000096,SØ 253776 I STAVNS_FJORD_H51,10.625425295882058,55.8869085772988
41000151,RIBNATUR-302,9.579546812010747,54.93331913934377
20000266,NATUR SØ 32A41,8.848612143731385,56.497818938031145
37000188,RIBNATUR-316,9.661061729914335,55.206848378405574
39000052,RIBNATUR-217,8.693634587544954,55.18794594810669
2000979,10-soe-0003 (10466) - vandkemi,10.968320427381324,57.3024182651602
65000041,NATUR SØ 173-045,11.566531279895882,54.6662210597586
51000613,244-soe-003,11.4256398899391,55.818847664724366
35000223,RIBNATUR-228,8.723384706987465,55.52468389768771
14000052,4050152 - vandkemi,9.967905033850789,56.80133847659026
41000150,RIBNATUR-301,9.572440644929303,54.94286070081607
31000436,RIBNATUR-271,8.519079380417399,55.63228478675964
21006139,66-soe-009,9.562014230947849,55.86442127051268
47000992,242-soe-001 Thurø,10.71201738742918,55.03217805169741
9000949,16-soe-0023 - vandkemi,8.985323371694507,57.06579457581543
20000241,NATUR SØ 19D40,9.150466462886884,56.31001985761798
40000047,RIBNATUR-62,8.723456675141358,55.088701150080695
37000175,RIBNATUR-124,9.551756816226916,55.37946714047833
25000880,NATUR SØ 12C62,8.398028760911197,55.91885391035852
1000163,8399482 - vandkemi,10.38749364492173,57.65697342544139
55000418,138-soe-031,11.25083705241636,55.523763143511935
42000157,RIBNATUR-136,8.685943291077418,54.947370319156185
37000196,RIBNATUR-325,9.65349353721643,55.22927402988959
30000503,78-soe-073,8.437900808958979,55.35755702926374
25003515,60-soe-014,8.703407027975155,55.89907725774802
31000439,RIBNATUR-284,8.42435150726547,55.59744381552971
12000134,Natur-sø- idnr 8883368,8.464750505541359,56.71411317884359
52000973,Tysmosen-4782,12.27308924015887,55.710101725322865
2000745,9-soe-0023 - vandkemi,11.012077215275074,57.23062417107695
23000156,VANDHUL VED FUGLSØ STRAND,10.538965821496175,56.185630688547214
14000310,20-soe-0003 - vandkemi,9.90975131006956,56.88761970388339
23000967,sø 257048 i Begtrup Vig H47,10.500986179311662,56.17158547246063
37000197,RIBNATUR-327,9.659129758011591,55.23733137188637
15001022,222-soe-0004 - vandkemi,9.931740133137142,56.71116864760466
54000419,52-soe-020,10.239637917784115,55.7523215821506
31000319,SØ SYDØST FOR VORBASSE,9.117010811686288,55.61013263845692
9000961,16-soe-0029 - vandkemi,8.855140721077342,57.012242251324516
47000894,111-soe-016,10.681237813753416,54.84136416692644
36000103,RIBNATUR-219,8.682176400115349,55.38212307753381
40000493,88-soe-003,8.937825731750271,55.01209401932554
15001003,223-soe-100 - vandkemi,9.964051708545425,56.59735888963864
15000997,18-soe-008 - vandkemi,10.159340478068843,56.85935465819155
55000338,Natur sø Opt-10,11.505734630966725,55.58288358903677
44000513,91-soe-007 Strandsø,10.632291317441249,55.57414440377143
9001035,16-soe-0069 - vandkemi,8.899765339755596,56.9757590048909
63000051,NATUR SØ 173-037,11.791589392059638,54.6469282577772
16000383,NATUR SØ 21A32,8.8128589051435,56.57398302530792
1000635,219-soe-018 - vandkemi,9.407219044457957,57.13494407344922
43000369,92-soe-036,10.179780902583907,55.58815928257892
65000042,NATUR SØ 173-046,11.6209097308634,54.66216141869707
21001863,SØ 265259 I VRADS_H49,9.426651678559098,56.02508866670299
46000529,96-soe-037,9.889143049145352,55.32691340832313
37000742,96-soe-520,9.752989096033115,55.26262404803232
43000341,92-soe-020,10.296774397273218,55.61481743922008
55000061,BUSKYSMINDE,11.369929365195471,55.52729566187627
22001481,224-soe-011,8.404644697869347,56.44393452161234
20000254,NATUR SØ 29A41,8.903521513069771,56.456707874770544
15000174,4139773 - vandkemi,10.156414451831656,56.883055706822155
60000593,Natur sø Opt-52,11.653108040069467,55.07686401324133
60000621,148-Soe-067,11.728132359279138,55.11969588731876
2000870,14-soe-505 (14-soe-0013) - vandkemi,10.520632734673024,57.21395075471998
25003238,61-soe-002,8.395096387975615,55.910905565208104
31000413,RIBNATUR-116,8.404147880144508,55.60906467476946
42000925,87-soe-002,9.24790612523111,54.82530516555932
19000128,NATUR SØ 16C39,9.192328750570075,56.52500244611279
2000831,3-soe-024 - vandkemi,10.410500437365393,57.56265889841204
54000401,51-soe-007,10.618844600555915,55.914340971393855
67000546,Tørvekullen,15.026471007599318,55.08176220236831
13000134,8823100 - vandkemi,9.24026146640958,56.6912773751187
15000166,3979414 - vandkemi,9.970136053111151,56.68093950016184
37000212,NATUR SØ 4 MC-RIBE,9.737562470773645,55.24959822027096
45001273,94-soe-008,10.476595393117217,55.53160789142601
38000127,VH VEST F KLASKEROJ SKOV MIDT,9.213061001541496,55.380229817119314
44000515,91-soe-010 Strandsø på Bogø,10.633024094486116,55.57536584627793
18000227,SØ SYDØST FOR KLEJTRUP,9.633080166052135,56.58112845560197
21006411,30-soe-052,9.769901542297902,56.4813567231809
60000154,NATUR SØ 168-013,12.132415539903,55.04369336409404
21001868,SØ 254511 I RANDERS_FJORD_H14,10.299688225115684,56.58706302436459
54000280,143-soe-003,11.178194332820183,55.24239039098889
25003112,61-op008,8.695005559292499,55.964980355544625
47000908,111-soe-023,10.724540943666812,54.73742955316677
21006112,30-soe-017,9.667015591716853,56.4669208756811
19000125,NATUR SØ 15D39,9.19312047881437,56.511282333691966
30000192,RIBNATUR-81,8.262664722876552,55.67980425409748
61000071,NATUR SØ 173-044,11.571833293389982,54.671583417212815
66000004,HAMMER SØ ST.1,8.763860909350653,55.280218640500166
64000158,Natur sø Opt-28,11.531321553795772,54.72197973713237
35000578,79-soe-003,8.730013718142859,55.53510409322663
47000958,"111-soe-063, Tåsinge",10.554866832984294,55.001770525188974
44000525,91-soe-015 Brockdorff Lillestrand,10.632120858798435,55.573859093380506
57000929,Natur sø Opt-15,11.569303982966844,55.375702398115486
2000753,9-soe-0027 - vandkemi,11.090062661110352,57.27039678288829
25000876,NATUR SØ 11C62,8.374421036525977,55.9142975620491
51000112,JETTESMINDE,11.53822696296931,55.64616049317536
60000587,Natur sø Opt-49,12.083795415747636,55.13888946808047
25000922,NATUR SØ 43A60,8.629466976888203,55.91327120397709
53000480,126-soe-036,12.777306256825284,55.608149398008464
25000949,NATUR SØ 49D59,8.252994875861884,56.169887049497056
52000958,120-soe-011,12.048214205106138,55.798754324559475
41000160,Als 1 - vandkemi,9.856307602581197,54.94643209081485
52000964,120-soe-009,12.050924515546312,55.67381598313208
21001869,SØ 258807 I RANDERS_FJORD_H14,10.306550990721872,56.591528545998685
19000426,39-soe-001,9.203222388759292,56.5315974774346
6000117,2498748 - vandkemi,9.76783564581865,57.19226829039171
20000799,228-soe-002,9.350671499510616,56.19555492383478
37000186,RIBNATUR-314,9.385747577550164,55.23209448471679
21001552,VANDHUL VED SØBALLEVEJ,9.8987905485398109,56.09786690390751
9001061,16-soe-0083 - vandkemi,9.083620855317418,57.071813359324686
42000231,RIBNATUR-379,9.467615684964525,54.96850744287608
3000142,2801715 - vandkemi,10.152842238697472,57.588801099757305
9001049,16-soe-0077 - vandkemi,8.882504247485004,57.01888275571143
20000778,41-soe-001,8.923267825776128,56.424737529438175
40000028,Råstofsø ved Husum Enge (G2) - vandkemi,8.724071788623109,55.14497465446881
37000204,RIBNATUR-334,9.70477341383218,55.26082709267368
10000833,15-soe-019 - vandkemi,9.45338989072571,57.00048229301713
23001094,Vandhul ved Kærsholm,10.770659682515053,56.29423710951116
66000005,HAMMER SØ ST.2,8.763860909350653,55.280218640500166
52000936,124-soe-004,12.23782068463302,55.68687066455543
9001067,16-soe-0086 - vandkemi,9.02439850203861,57.12962872917042
39000056,NATUR SØ 25 MC-RIBE,8.627126087421198,55.41889065021861
67000481,Nf. Vejmandedal,15.044785169825104,55.09865158509295
41000153,RIBNATUR-304,9.583671520372912,54.93793653032742
38000129,VANDHUL VED KOFENNE SKOV,9.073444269072706,55.30855100158983
42000164,RIBNATUR-143,8.702332976532544,54.91611134402475
30000204,RIBNATUR-95,8.259355644396377,55.610827780814994
30000458,73-soe-009,8.209000277282492,55.67778990138436
29000528,67-soe-102,9.639969285783966,55.71831450859813
51000147,LANGAGERGÅRD AMT ST,11.769483185235703,55.60670887267881
46000559,96-soe-058 Strandsø ved Bågø Nor,9.810933693352638,55.323836038022385
42000152,RIBNATUR-131,8.691458394553578,54.95908490769765
9000959,16-soe-0028 - vandkemi,8.995630469701892,57.06173486390522
42000169,RIBNATUR-148,8.730359485382197,54.9218382931483
47000139,SØ VED SVENDBORG M AMT ST,10.642437455391038,55.05752944244702
18000306,NATUR SØ 55C30,9.51968803391102,56.592524842301934
2000739,9-soe-0020 - vandkemi,11.003794836473968,57.22607517766827
42001004,89-soe-010,8.859367742842677,55.02697302951993
58000193,131-soe-005,12.127121294699304,55.466052515601646
38000137,RIBNATUR-55,8.701156130105367,55.32446322379052
41000048,RAVNSMOSE AMT ST,9.550714513325836,54.92373858229299
54000053,NATUR SØ 162-001,11.177121757870442,55.17496977319475
24000716,Tøstrupvej,10.597667214344035,56.409846773629205
37000205,RIBNATUR-335,9.645605452149931,55.303317586460295
38000136,RIBNATUR-54,8.694416424649441,55.321678870469526
35000222,RIBNATUR-227,8.784619852261688,55.48167549438711
11000095,5561460 - vandkemi,8.48189820417157,56.89381012123933
43000385,"96-soe-051 Strandsø v Mosegård,Fønsskov",9.750363997882795,55.44625457635359
42000234,RIBNATUR-161,8.960776081025692,54.96948990179621
60000174,NATUR SØ 169-025,11.72108004275965,55.194917724132054
27000952,52-soe-004,10.199878583569326,55.855371806722594
65000250,152-soe-046,11.563717388336505,54.654054402627686
60000155,NATUR SØ 168-014,12.121753281471422,55.072459745025405
21006167,48-soe-005,9.693515021672429,56.03994258014549
62000083,NATUR SØ 179-009,11.068357740390177,54.8144503935055
43000355,92-soe-028,10.280274497230504,55.605959522300175
14000328,20-soe-0017 - vandkemi,9.904436318645036,56.88501696042079
15000909,14-soe-0004 - vandkemi,10.188627708003528,56.68318802387275
40000444,78-soe-030,8.532643273946706,55.18405649073117
15000991,18-soe-013 - vandkemi,10.182697243630503,56.846413654464705
1000429,2-soe-0008 - vandkemi,10.443843859769895,57.67729287596536
55000442,138-soe-034,11.27093023305312,55.54882866527873
23000204,SØ 249191 I BEGTRUP_VIG_H47,10.495063940057358,56.14560720179727
18000299,NATUR SØ 36D30,9.560981031487993,56.54939164573949
29000501,67-soe-006,9.72037222031816,55.70865904465824
7000309,15-soe-032 - vandkemi,9.815959153260131,57.071502713832295
12000492,177-soe-006 (177-soe-0006) - vandkemi,8.60290911130251,56.794739643704595
55000336,Natur sø Opt-9,11.51022857803826,55.58044556842952
12000470,29-soe-001 - vandkemi,8.865861735494446,56.88376214205891
54000403,51-soe-008,10.628929825537394,55.88086828462364
63000212,Sø ved Musse mose st kon-5,11.65227467582034,54.7153109865933
37000107,VANDHUL SØNDERSKOV  AMT ST,9.415920525264236,55.26666388946211
39000042,RIBNATUR-70,8.917664532668233,55.182084502129534
52000866,Ø6-120-OP36,11.933754563856272,55.72384325820172
15000173,4139770 - vandkemi,10.161145849825626,56.86204220060564
43000050,NATUR SØ 92-3,10.105443545491095,55.57342279399217
43000339,92-soe-019,10.303715860070067,55.60006912055439
42000208,RIBNATUR-355,9.39954925650786,54.961462003891235
37000105,VH MOLTRUP/VESTERSKOV AMT ST,9.473388968675138,55.28745515569166
60000583,Natur sø Opt-37,12.270143628258609,55.03907886859633
15000175,4157495 - vandkemi,10.190774864012896,56.93912803023768
39000051,RIBNATUR-216,8.699349470476696,55.19032353505897
23000225,SØ 244450 I RANDERS_FJORD_H14,10.384508821676109,56.54030547953347
65000222,Natur sø Opt-43,11.561982519674082,54.66097739290786
31000409,RIBNATUR-110,9.112773924156487,55.66046432075904
53000655,130-soe-008,12.203875690713856,55.506430163556
60000178,NATUR SØ 171-001,12.525338060659642,54.99644621190328
1000190,2808681 - vandkemi,10.28227375431427,57.61843945204298
2000851,3-soe-034 - vandkemi,10.414330585938478,57.49025084028616
31000422,RIBNATUR-268,8.543739577262883,55.64109498049159
40000436,78-soe-026,8.520117224046148,55.183522590450266
25003248,61-soe-011,8.944739450193753,55.99415111162619
23001013,47-soe-004,10.493503435918388,56.1447993721163
37000189,RIBNATUR-317,9.67436009438311,55.208033680353566
6000406,12-soe-001 - vandkemi,9.763641385980485,57.24079581699113
15000137,2070 - vandkemi,9.797404945235243,56.68234471049278
31000428,RIBNATUR-275,8.456884280309515,55.61352379972919
60000789,183-soe-002,12.445587821202995,55.34018013002532
3000130,2303 - vandkemi,10.161846845147211,57.41564163673315
44000519,91-soe-012 Strandsø,10.632610026604532,55.57532642780549
40000052,NATUR SØ 10 MC-RIBE,8.543506870549159,55.08269597902785
31000408,RIBNATUR-109,9.01821787686209,55.7340242477968
44000100,NATUR SØ 93-6,10.741616084640128,55.48238195175221
63000043,NATUR SØ 173-027,11.898567172966304,54.62370789455207
29000491,67-soe-001,9.811844266505547,55.67915444944225
1000178,3874263 - vandkemi,9.045583270698852,57.149143505686695
64000073,NATUR SØ 177-008,11.5452993205728,54.76532322264616
41000161,Als 2,9.910919086879522,55.013328644618426
35000218,RIBNATUR-223,8.680762056192927,55.49494536166313
42000235,RIBNATUR-170,8.965132133210384,55.0080430507
31000405,RIBNATUR-97,8.323121604689174,55.59450969597662
23000219,SØ 257916 I MOLS_BJERGE_H186,10.559641643361,56.20554498403224
42000210,RIBNATUR-357,9.393390127948267,54.959280377702754
44000501,91-soe-006 Strandsø,10.59465318257062,55.61138688099397
46000115,NATUR SØ 108-1,10.012236369014609,55.14276455237364
63000047,NATUR SØ 173-031,11.929277862862982,54.62112517708415
57000933,Natur sø Opt-38,11.823064788412292,55.31904970473986
44000529,93-soe-002 Sø på Romsø,10.790401747250868,55.51610828993509
32000148,RIBNATUR-248,9.469069589488743,55.74109133514808
65000034,NATUR SØ 173-013,11.644184206608692,54.89705727102634
35000219,RIBNATUR-224,8.726749914401442,55.48936863601975
31000431,RIBNATUR-279,8.444554145945009,55.61537354736444
21006401,48-soe-020,9.694968986043484,56.0270676745779
35000232,RIBNATUR-240,9.066675631086907,55.50880383049358
35000231,RIBNATUR-237,9.014409931794644,55.51231655298482
39000055,RIBNATUR-205,8.670130211088082,55.236400914476846
35000596,75-soe-002,9.088524492495578,55.50808012112005
42000149,RIBNATUR-65,8.730412244141245,55.02590201278593
2000864,14-soe-0002 - vandkemi,10.502340832369308,57.2079806226755
42000190,RIBNATUR-177,9.067088489635369,54.892669885681
31000406,RIBNATUR-98,8.325855208944208,55.595189700624374
52000792,Ø6-120-OP02,12.03836505430852,55.69237747820916
6000446,12-soe-006 - vandkemi,9.847150694941153,57.243683287765705
25003118,62-op002,8.350552610516853,55.969675884217
54000094,SØ 251708 I STAVNS_FJORD_H51,10.62561568512178,55.888020383035894
61000331,Natur sø Opt-32,11.919743252575886,54.57627548019457
34000091,Svanemose 5 - vandkemi,9.421340532111511,55.43065759592984
38000144,NATUR SØ 29 MC-RIBE,8.733486670405966,55.32585895586968
46000553,96-soe-054 Strandsø ved Bredningen,9.855700452406866,55.35269117179537
43000329,92-soe-014,10.18849757291152,55.60882431021606
31000412,RIBNATUR-115,8.423454172573063,55.598032656471105
15000935,20-soe-0012 - vandkemi,9.883219075386968,56.80857895522741
21001870,SØ 189738 I SALTEN_Å_H48,9.645837798195084,56.049186420601274
43000331,92-soe-015,10.191071244380677,55.58793330182249
42000158,RIBNATUR-137,8.690777561752618,54.93588890839425
46000525,96-soe-035 Strandsø 3 ved Bredningen,9.85588108849364,55.35302239838213
41000727,Lillehav - vestlige del,9.874109185812522,54.94442715838538
34000089,RIBNATUR-187,9.4341091369295,55.43355134300503
